0,1.56514,0,-0.06269
0,1.55635,0,-0.06135
0,1.54661,0,-0.0598
0,1.53222,0,-0.05673
0,1.5134,0,-0.05296
0,1.50278,0,-0.04917
0,1.48939,0,-0.04836
0,1.47186,0,-0.04512
0,1.4784,0,-0.04113
0,1.46742,0,-0.03893
0,1.44717,0,-0.03701
0,1.43804,0,-0.03305
0,1.42995,0,-0.03268
0,1.42061,0,-0.03348
0,1.40655,0,-0.0334
0,1.39449,0,-0.0318
0,1.3763,0,-0.03286
0,1.37868,0,-0.02981
0,1.38005,0,-0.03305
0,1.36929,0,-0.03468
0,1.37044,0,-0.03614
0,1.36798,0,-0.03821
0,1.36629,0,-0.03943
0,1.35594,0,-0.04844
0,1.35263,0,-0.04492
0,1.34721,0,-0.04427
0,1.33721,0,-0.04329
0,1.34141,0,-0.03944
0,1.34396,0,-0.03934
0,1.34143,0,-0.04045
0,1.33265,0,-0.03843
0,1.33321,0,-0.03838
0,1.33481,0,-0.03535
0,1.3303,0,-0.03758
0,1.32185,0,-0.03699
0,1.32153,0,-0.03773
0,1.32215,0,-0.03593
0,1.32718,0,-0.03555
0,1.32054,0,-0.03327
0,1.31116,0,-0.0329
0,1.30966,0,-0.03284
0,1.30462,0,-0.03483
0,1.29928,0,-0.03272
0,1.29945,0,-0.03301
0,1.30397,0,-0.03315
0,1.29722,0,-0.0334
0,1.28169,0,-0.03126
0,1.30761,0,-0.02932
0,1.29541,0,-0.02983
0,1.2901,0,-0.02913
0,1.27277,0,-0.02709
0,1.26983,0,-0.02639
0,1.26503,0,-0.02599
0,1.27067,0,-0.02856
0,1.26121,0,-0.03042
0,1.26257,0,-0.03158
0,1.26393,0,-0.02742
0,1.25934,0,-0.02771
0,1.26034,0,-0.02821
0,1.25646,0,-0.03047
0,1.25831,0,-0.02876
0,1.24999,0,-0.02529
0,1.24373,0,-0.02594
0,1.25148,0,-0.0228
0,1.24221,0,-0.02436
0,1.23701,0,-0.02578
0,1.24583,0,-0.0227
0,1.24438,0,-0.02054
0,1.24034,0,-0.01763
0,1.2378,0,-0.01758
0,1.23431,0,-0.0187
0,1.22297,0,-0.02275
0,1.21919,0,-0.02007
0,1.22605,0,-0.02035
0,1.22388,0,-0.0196
0,1.21657,0,-0.01994
0,1.21147,0,-0.02298
0,1.20994,0,-0.02344
0,1.20834,0,-0.02325
0,1.22069,0,-0.02154
0,1.23552,0,-0.02042
0,1.2216,0,-0.02029
0,1.21731,0,-0.01692
0,1.21495,0,-0.01641
0,1.22245,0,-0.01547
0,1.22172,0,-0.01397
0,1.23574,0,-0.01369
0,1.23089,0,-0.0151
0,1.22799,0,-0.01421
0,1.23004,0,-0.01292
0,1.2269,0,-0.01156
0,1.21957,0,-0.01438
0,1.21577,0,-0.01486
0,1.20096,0,-0.01452
0,1.19543,0,-0.01475
0,1.19511,0,-0.0209
0,1.18972,0,-0.02085
0,1.19079,0,-0.02118
0,1.19707,0,-0.02079
0,1.18421,0,-0.02147
0,1.18257,0,-0.02003
0,1.16944,0,-0.02192
0,1.16745,0,-0.02186
0,1.17135,0,-0.0223
0,1.16873,0,-0.02248
0,1.18077,0,-0.02441
0,1.17359,0,-0.02544
0,1.19011,0,-0.02555
0,1.18338,0,-0.02564
0,1.17534,0,-0.02782
0,1.19807,0,-0.02644
0,1.20044,0,-0.02786
0,1.20482,0,-0.02542
0,1.19971,0,-0.0215
0,1.19257,0,-0.01801
0,1.17947,0,-0.01441
0,1.18019,0,-0.01237
0,1.18428,0,-0.01232
0,1.19151,0,-0.01518
0,1.19277,0,-0.01159
0,1.19777,0,-0.00964
0,1.19673,0,-0.00839
0,1.18941,0,-0.00798
0,1.20073,0,-0.00367
0,1.22078,0,-0.003
0,1.2156,0,-0.00205
0,1.20387,0,-0.00145
0,1.19659,0,-0.00346
0,1.18707,0,-0.00245
0,1.18988,0,-0.00707
0,1.19308,0,-0.00721
0,1.18763,0,-0.00714
0,1.19407,0,-0.00689
0,1.18749,0,-0.00766
0,1.19022,0,-0.0027
0,1.2004,0,-0.00277
0,1.19856,0,-0.00374
0,1.1871,0,-0.00362
0,1.19605,0,-0.00072
0,1.19298,0,-0.00061
0,1.19074,0,-0.00242
0,1.20678,0,-0.00529
0,1.20043,0,-0.00428
0,1.19091,0,-0.00684
0,1.1793,0,-0.00735
0,1.18561,0,-0.00715
0,1.1819,0,-0.00377
0,1.17559,0,-0.00235
0,1.19441,0,-0.00067
0,1.18327,0,-0.00016
0,1.18785,0,0.00265
0,1.18346,0,0.00016
0,1.17296,0,0.00318
0,1.1722,0,-0.00101
0,1.19588,0,-0.00215
0,1.20202,0,-0.01021
0,1.19072,0,-0.01013
0,1.18712,0,-0.00849
0,1.17942,0,-0.00781
0,1.1797,0,-0.00747
0,1.18063,0,-0.00472
0,1.17576,0,-0.00712
0,1.17533,0,-0.00577
0,1.17864,0,-0.00783
0,1.1822,0,-0.00764
0,1.17452,0,-0.00705
0,1.20155,0,-0.00974
0,1.2058,0,-0.01745
0,1.20657,0,-0.01544
0,1.19555,0,-0.01604
0,1.19541,0,-0.0164
0,1.1837,0,-0.01268
0,1.18573,0,-0.00686
0,1.18481,0,-0.00559
0,1.18773,0,-0.00615
0,1.18668,0,-0.00757
0,1.18153,0,-0.00565
0,1.18472,0,-0.00186
0,1.18919,0,-0.00276
0,1.18472,0,-0.0054
0,1.17747,0,-0.00203
0,1.17578,0,0.00106
0,1.16527,0,0.00299
0,1.18089,0,0.00297
0,1.18727,0,0.00286
0,1.18008,0,0.00328
0,1.18092,0,0.00341
0,1.18182,0,0.00727
0,1.17346,0,0.00826
0,1.17877,0,0.01236
0,1.17387,0,0.01489
0,1.17751,0,0.01061
0,1.18737,0,0.01288
0,1.18194,0,0.01265
0,1.17328,0,0.01242
0,1.177,0,0.01385
0,1.17811,0,0.01319
0,1.17113,0,0.00955
0,1.1715,0,0.01163
0,1.16191,0,0.01362
0,1.17953,0,0.01103
0,1.16787,0,0.00756
0,1.15365,0,0.00655
0,1.16333,0,0.00952
0,1.17003,0,0.01395
0,1.1842,0,0.01225
0,1.17807,0,0.01271
0,1.17606,0,0.0148
0,1.18372,0,0.0127
0,1.17494,0,0.01371
0,1.17242,0,0.01259
0,1.18189,0,0.01056
0,1.17397,0,0.00979
0,1.1678,0,0.01402
0,1.1705,0,0.01374
0,1.16161,0,0.01472
0,1.15613,0,0.01801
0,1.16011,0,0.01848
0,1.16793,0,0.02006
0,1.16272,0,0.02062
0,1.17389,0,0.01808
0,1.18804,0,0.01487
0,1.19438,0,0.01401
0,1.18301,0,0.01763
0,1.17511,0,0.01398
0,1.17941,0,0.01378
0,1.17004,0,0.01178
0,1.18862,0,0.01502
0,1.19111,0,0.01214
0,1.1815,0,0.01057
0,1.17102,0,0.00875
0,1.17021,0,0.01089
0,1.19029,0,0.01361
0,1.18903,0,0.01089
0,1.19283,0,0.00994
0,1.18794,0,0.00694
0,1.18166,0,0.0059
0,1.18712,0,0.00883
0,1.1946,0,0.00642
0,1.1872,0,0.00593
0,1.19579,0,0.00628
0,1.18728,0,0.0077
0,1.18126,0,0.00585
0,1.18118,0,0.00868
0,1.17323,0,0.00584
0,1.16934,0,0.00921
0,1.15625,0,0.01097
0,1.15709,0,0.01401
0,1.15628,0,0.01416
0,1.15989,0,0.01036
0,1.15954,0,0.0103
0,1.16061,0,0.01291
0,1.15491,0,0.00946
0,1.16271,0,0.0093
0,1.16084,0,0.0105
0,1.16503,0,0.01177
0,1.16256,0,0.01566
0,1.1816,0,0.01911
0,1.16865,0,0.01933
0,1.17978,0,0.0217
0,1.17344,0,0.03837
0,1.16862,0,0.03884
0,1.17034,0,0.03572
0,1.16322,0,0.03427
0,1.16071,0,0.035
0,1.15196,0,0.0347
0,1.17352,0,0.03547
0,1.17606,0,0.03294
0,1.16609,0,0.03006
0,1.15638,0,0.02879
0,1.1575,0,0.02987
0,1.155,0,0.03018
0,1.14673,0,0.03464
0,1.15419,0,0.03643
0,1.14261,0,0.03481
0,1.14581,0,0.03564
0,1.15975,0,0.03773
0,1.16213,0,0.03457
0,1.15657,0,0.03422
0,1.15119,0,0.03686
0,1.15531,0,0.03321
0,1.15864,0,0.03217
0,1.16045,0,0.03103
0,1.15994,0,0.03177
0,1.16265,0,0.03371
0,1.16038,0,0.03331
0,1.16846,0,0.03043
0,1.15849,0,0.03163
0,1.15462,0,0.02816
0,1.15313,0,0.02685
0,1.14676,0,0.02864
0,1.15226,0,0.02504
0,1.157,0,0.02746
0,1.14931,0,0.02963
0,1.14037,0,0.03075
0,1.13229,0,0.02724
0,1.14369,0,0.03085
0,1.1371,0,0.03053
0,1.13805,0,0.02829
0,1.13168,0,0.02829
0,1.14848,0,0.03083
0,1.15031,0,0.03173
0,1.14596,0,0.03139
0,1.14821,0,0.03107
0,1.14899,0,0.02997
0,1.15346,0,0.03065
0,1.14935,0,0.02553
0,1.14818,0,0.0255
0,1.13728,0,0.02317
0,1.14988,0,0.02213
0,1.14193,0,0.01737
0,1.14379,0,0.01915
0,1.14808,0,0.01658
0,1.14869,0,0.0141
0,1.14729,0,0.01337
0,1.14469,0,0.01736
0,1.14302,0,0.01672
0,1.14021,0,0.01987
0,1.13362,0,0.01552
0,1.15625,0,0.01468
0,1.14968,0,0.01457
0,1.14945,0,0.01368
0,1.1435,0,0.01315
0,1.14385,0,0.01777
0,1.14899,0,0.01661
0,1.18083,0,0.01989
0,1.17798,0,0.0229
0,1.17691,0,0.02141
0,1.16704,0,0.01939
0,1.16271,0,0.02239
0,1.16978,0,0.02652
0,1.21335,0,0.02719
0,1.21199,0,0.02471
0,1.20939,0,0.02145
0,1.19823,0,0.01937
0,1.20952,0,0.01985
0,1.19977,0,0.02085
0,1.19869,0,0.02113
0,1.20117,0,0.02001
0,1.20378,0,0.01922
0,1.19928,0,0.01755
0,1.21817,0,0.01688
0,1.21158,0,0.01901
0,1.20474,0,0.02001
0,1.1945,0,0.01719
0,1.18785,0,0.01468
0,1.17943,0,0.01633
0,1.17772,0,0.01474
0,1.18931,0,0.01297
0,1.18591,0,0.01307
0,1.20133,0,0.01578
0,1.18853,0,0.01604
0,1.18768,0,0.014
0,1.18937,0,0.01817
0,1.19268,0,0.01933
0,1.19243,0,0.01913
0,1.22742,0,0.02108
0,1.22965,0,0.02114
0,1.22415,0,0.02323
0,1.23096,0,0.02047
0,1.22451,0,0.02113
0,1.22223,0,0.02088
0,1.2217,0,0.02171
0,1.2126,0,0.01971
0,1.21246,0,0.01713
0,1.21289,0,0.02018
0,1.20677,0,0.01679
0,1.20245,0,0.01768
0,1.20787,0,0.01268
0,1.20302,0,0.01048
0,1.19311,0,0.01221
0,1.19537,0,0.01201
0,1.19555,0,0.01346
0,1.22819,0,0.01332
0,1.219,0,0.01402
0,1.21585,0,0.01373
0,1.2035,0,0.01247
0,1.20236,0,0.01304
0,1.20734,0,0.01209
0,1.21671,0,0.00785
0,1.2074,0,0.00423
0,1.21072,0,0.00571
0,1.19771,0,0.00572
0,1.19765,0,0.00624
0,1.19844,0,0.00643
0,1.19259,0,0.0082
0,1.19974,0,0.00063
0,1.18765,0,0.00188
0,1.20099,0,0.00286
0,1.19238,0,0.00305
0,1.20064,0,0.00196
0,1.19633,0,0.005
0,1.19872,0,0.00344
0,1.19831,0,0.00097
0,1.20346,0,0.00234
0,1.19327,0,0.00205
0,1.19197,0,0.00119
0,1.21067,0,0.00026
0,1.19943,0,0.00098
0,1.2019,0,0.00198
0,1.19434,0,0.0029
0,1.19209,0,0.00157
0,1.18429,0,0.00332
0,1.1705,0,0.00483
0,1.17567,0,0.00715
0,1.17697,0,0.00678
0,1.17166,0,0.00687
0,1.15831,0,0.00656
0,1.14745,0,0.01012
0,1.17125,0,0.00767
0,1.1817,0,0.00796
0,1.20614,0,0.01091
0,1.20088,0,0.00824
0,1.20792,0,0.00691
0,1.19794,0,0.00756
0,1.19301,0,0.00581
0,1.21285,0,0.00387
0,1.2132,0,0.00388
0,1.201,0,0.00423
0,1.26954,0,0.00331
0,1.27817,0,0.00208
0,1.27313,0,0.00097
0,1.2751,0,0.0048
0,1.28255,0,0.00672
0,1.28252,0,0.0085
0,1.28282,0,0.00817
0,1.28107,0,0.00995
0,1.27728,0,0.00853
0,1.2861,0,0.00986
0,1.29313,0,0.01293
0,1.29206,0,0.01398
0,1.29432,0,0.01398
0,1.28956,0,0.01108
0,1.32556,0,0.00984
0,1.31369,0,0.01043
0,1.31355,0,0.01239
0,1.33199,0,0.01298
0,1.33829,0,0.00481
0,1.34157,0,0.00688
0,1.34971,0,0.00328
0,1.35332,0,0.00427
0,1.34611,0,0.00175
0,1.33323,0,0.00368
0,1.32261,0,0.00283
0,1.31593,0,0.0023
0,1.31266,0,0.00407
0,1.31326,0,0.0049
0,1.29996,0,0.00594
0,1.29171,0,-0.00363
0,1.2959,0,-0.00286
12,1.28879,1.16698,-0.00106
8.18173,1.27842,0.92877,-0.00157
4.90043,1.28983,0.7382,0.00144
2.93165,1.30047,0.58575,0.00175
1.75038,1.30042,0.46379,0.00292
1.04162,1.29128,0.36622,0.00516
0.61636,1.28114,0.28816,0.00262
0.36609,1.2677,0.22863,0.00527
0.21593,1.25397,0.181,0.00672
0.12583,1.2436,0.1429,0.00681
0.07177,1.24427,0.11242,0.00243
0.03934,1.23515,0.08804,0.00146
0.01988,1.22422,0.06853,0.00114
0.0082,1.21747,0.05293,0.00061
0.00119,1.21103,0.04044,-0.00121
-0.00301,1.20746,0.03045,-0.00282
-0.00553,1.21589,0.02246,-0.00422
-0.00705,1.22206,0.01607,-0.0055
-0.00795,1.2234,0.01096,-0.00426
-0.0085,1.23617,0.00687,-0.00506
-0.00883,1.23389,0.00359,-0.00473
-0.00902,1.27588,0.00098,-0.02769
-0.00914,1.21607,-0.00112,-0.03879
-0.00921,1.24564,-0.00279,0.00505
-0.00925,1.21158,-0.00414,-0.02705
0.0017,1.13604,-0.00329,-0.08502
0.00827,1.09162,-0.00262,-0.16767
0.01221,1.10301,-0.00208,-0.00318
0.01457,1.11178,-0.00165,0.10391
0.01599,1.0892,-0.0013,-0.0241
0.01684,1.1514,-0.00103,-0.04408
0.01735,1.17587,-0.00081,0.04509
0.01766,1.23909,-0.00063,0.18638
0.01784,1.20171,-0.00049,0.08949
0.01795,1.31956,-0.00038,0.09616
0.01802,1.26903,-0.00028,0.15419
0.01806,0.95835,-0.00021,0.59957
0.00475,0.94783,-0.00091,0.85369
-0.00323,0.84063,-0.00147,0.20904
-0.00802,0.92872,-0.00191,0.36934
-0.0109,1.00196,-0.00227,0.47536
-0.01262,0.85997,-0.00255,1.00053
-0.01366,0.57594,-0.00278,1.50495
-0.01428,0.13339,-0.00297,2.26457
-0.01465,0.26374,-0.00311,1.57572
-0.01488,0.37484,-0.00323,2.01486
-0.01501,-0.07673,-0.00332,1.53339
-0.01509,-0.35416,-0.0034,1.31001
-0.01514,0.36598,-0.00346,1.20285
-0.00745,-0.09059,-0.00434,1.55507
-0.00283,-0.06537,-0.00504,1.46871
-0.00006,0.24125,-0.00561,1.15665
0.0016,0.40673,-0.00606,1.07952
0.0026,0.47346,-0.00642,1.13572
0.0032,0.79764,-0.00671,1.15686
0.00355,0.53981,-0.00694,1.46578
0.00377,1.01018,-0.00713,1.20565
0.0039,1.37112,-0.00727,1.81426
0.00398,1.27649,-0.00739,2.66733
0.00402,1.39302,-0.00749,2.43517
0.00405,2.15538,-0.00756,2.03763
0.00407,2.25272,-0.00762,2.17414
0.00408,2.08115,-0.00767,1.49759
0.00408,2.71173,-0.00771,2.05663
0.82621,2.36115,0.01473,2.13907
1.31949,2.08898,0.03268,1.47049
1.61545,1.96834,0.04704,1.53632
1.79303,1.15029,0.05852,1.57425
1.89958,0.26457,0.06772,1.22748
1.96351,-0.33779,0.07507,1.23896
2.00186,-0.90532,0.08095,0.51901
2.02488,-1.50985,0.08566,0.46383
2.03869,-1.60776,0.08942,-0.19141
2.04697,-1.83371,0.09243,-0.74056
2.05194,-1.89295,0.09484,-1.04949
2.05493,-2.29375,0.09677,-0.59295
2.05672,-2.5253,0.09831,-0.10975
2.05779,-2.78158,0.09954,0.54281
1.2336,-2.65201,0.06228,1.16296
0.73909,-2.42533,0.03246,1.86279
0.44238,-2.12207,0.00861,2.56378
0.26435,-1.93817,-0.01047,3.1616
0.15754,-2.01461,-0.02574,3.83598
0.09345,-1.99153,-0.03795,3.7152
0.055,-1.11189,-0.04772,3.76736
0.03192,-0.31207,-0.05553,3.08274
0.02005,0.26228,-0.0905,2.56784
0.01292,0.64402,-0.11847,2.71239
0.00865,0.2633,-0.14084,3.00282
0.00608,-0.3073,-0.15874,3.33045
0.00454,0.27297,-0.17306,3.42291
0.00362,0.93686,-0.18452,3.66482
0.00307,1.48842,-0.19368,3.16892
0.00273,1.7946,-0.20102,2.5377
0.00253,1.46025,-0.20688,2.85504
0.03561,1.18052,-0.23099,3.20891
0.05545,1.34012,-0.25028,3.5987
0.06735,1.63085,-0.2657,3.46903
0.0745,1.91356,-0.27805,3.40311
0.07878,1.30515,-0.28792,3.3474
0.08135,0.62085,-0.29582,3.52487
0.0829,0.10956,-0.30214,3.72989
0.08382,-0.27277,-0.3072,3.94171
0.08438,-0.40784,-0.31124,4.16727
0.04684,-0.41589,-0.34488,4.18254
0.02432,-0.3257,-0.37178,4.10957
0.01081,-0.22961,-0.39331,3.95888
0.0027,-0.12369,-0.41053,3.51626
-0.00217,-0.15408,-0.42431,3.4022
-0.00509,-0.34609,-0.43533,3.48083
-0.00684,-0.44821,-0.44414,3.42112
-0.00789,-0.41005,-0.4512,3.3247
-0.00852,-0.32127,-0.45684,3.06806
-0.00889,-0.23149,-0.46135,2.7741
-0.00912,-0.20767,-0.46497,2.50644
-0.00926,-0.74741,-0.46786,2.08548
-0.00934,-1.18749,-0.47017,1.86512
-0.0691,-1.71752,-0.50938,0.86241
-0.10495,-1.37066,-0.54076,0.44559
-0.12647,-1.18379,-0.56586,0.26502
-0.13938,-1.11387,-0.58594,0.45615
-0.14712,-0.93229,-0.602,-0.42831
-0.15177,-0.76631,-0.61485,-0.55508
-0.15455,-0.50326,-0.62514,-0.41517
-0.15623,0.01056,-0.63336,-1.53558
-0.15723,0.56434,-0.63994,-0.91927
-0.15783,1.33491,-0.6452,-0.54698
-0.15819,0.37862,-0.64942,-0.83041
-0.15841,0.93701,-0.65278,-0.46909
-0.15854,1.11208,-0.65548,-0.31523
-0.15862,0.81725,-0.65764,0.26273
-0.15866,0.77971,-0.65936,-0.18141
-0.15869,0.44412,-0.66074,-0.837
-0.821,0.04488,-0.7311,-0.7301
-1.21839,0.47078,-0.78739,-0.39597
-1.45682,0.86717,-0.83242,-0.33756
-1.59988,1.03922,-0.86844,-0.85909
-1.68572,0.73358,-0.89726,-1.49568
-1.73722,0.59456,-0.92031,-1.46842
-1.76812,0.46869,-0.93876,-2.07252
-1.78666,0.09084,-0.95351,-2.01013
-1.79778,0.46445,-0.96532,-1.91402
-1.80446,0.19336,-0.97476,-1.65644
-1.80846,-0.32655,-0.98232,-1.2865
-1.81086,0.1229,-0.98836,-1.28683
-1.81231,0.63621,-0.9932,-0.78481
-2.31969,1.00242,-1.14121,-0.43679
-2.62412,0.8266,-1.25963,-0.16994
-2.80677,0.89258,-1.35436,0.11349
-2.91637,1.08909,-1.43015,0.53741
-2.98213,1.3826,-1.49078,0.67297
-3.02158,1.53958,-1.53928,0.89718
-3.04525,1.41537,-1.57808,1.13593
-3.05946,0.92549,-1.60912,1.47032
-3.06798,1.34723,-1.63396,1.563
-3.07309,1.8729,-1.65382,1.2258
-3.07616,2.31649,-1.66972,0.75474
-3.078,2.67024,-1.68243,0.00545
-3.0791,2.74067,-1.6926,-0.86646
-3.07977,2.446,-1.70074,-2.0531
-3.08017,2.05795,-1.70725,-1.94119
-3.08041,1.64928,-1.71246,-1.73131
-3.08055,1.4148,-1.71663,-1.66352
-3.08063,1.09475,-1.71996,-1.68168
-2.17834,0.60251,-1.74286,-1.81886
-1.63697,0.04926,-1.76117,-1.74648
-1.31214,-0.34882,-1.77583,-1.49023
-1.11725,-0.72734,-1.78755,-1.53065
-1.00031,-0.68443,-1.79693,-1.81071
-0.93015,-0.52172,-1.80444,-1.86108
-0.88805,-0.46315,-1.81044,-1.54916
-0.86279,-0.46485,-1.81524,-1.24515
-0.84763,-0.53682,-1.81908,-0.8364
-0.83854,-0.58671,-1.82215,-0.39591
-0.83309,-0.78897,-1.82461,-0.02111
-1.32468,-0.77016,-1.89211,0.15287
-1.61964,-0.66464,-1.94611,-0.04135
-1.79662,-0.5847,-1.9893,-0.0099
-1.9028,-0.61907,-2.02386,0.21057
-1.96651,-0.78609,-2.05151,0.39691
-2.00474,-1.13174,-2.07362,0.60199
-2.02768,-0.92033,-2.09132,0.74156
-2.04144,-0.40672,-2.10547,0.71295
-2.04969,0.30037,-2.1168,0.2906
-2.05465,1.0359,-2.12586,-0.52257
-2.05762,1.87859,-2.1331,-1.59525
-2.0594,2.07401,-2.1389,-1.71069
-2.06047,1.70926,-2.14354,-1.67018
-2.06112,1.47165,-2.14725,-1.64745
-2.0615,1.2909,-2.15022,-1.59075
-2.06173,1.25007,-2.15259,-1.48471
-2.06187,1.25914,-2.15449,-1.4521
-2.06196,1.5652,-2.15601,-1.3846
-2.062,2.15216,-2.15723,-1.1937
-2.06203,2.73631,-2.1582,-0.97452
-2.83416,2.98965,-2.23152,-0.69596
-3.29743,2.98261,-2.29017,-0.32909
-3.57539,2.54423,-2.33709,-0.66396
-3.74217,2.28415,-2.37462,-1.29403
-3.84224,2.2189,-2.40465,-1.8934
-3.90228,1.50065,-2.42868,-2.28535
-3.9383,0.7887,-2.4479,-2.71963
-3.95992,0.4487,-2.46327,-3.42018
-3.97289,0.68195,-2.47557,-4.23104
-3.98067,0.72015,-2.48541,-5.00974
-3.98533,0.57273,-2.49328,-5.79434
-3.98814,0.44819,-2.49958,-6.24509
-3.98982,-0.01563,-2.50462,-6.46534
-3.99083,-0.48227,-2.50865,-6.50366
-3.99143,-0.71307,-2.51187,-6.69425
-3.99179,-1.30171,-2.51445,-6.5938
-3.99201,-1.96,-2.51652,-6.56878
-3.99214,-2.81281,-2.51817,-6.36495
-3.99222,-3.56123,-2.51949,-6.37064
-3.99227,-4.18251,-2.52055,-6.38469
-3.9923,-4.34592,-2.52139,-6.55183
-3.99231,-4.41479,-2.52207,-6.56661
-3.99232,-4.66328,-2.52261,-6.32615
-3.99233,-4.55777,-2.52304,-7.2371
-3.99233,-7.5212,-2.52339,-9.8281
-3.99234,-10.37845,-2.52366,-12.2984
-3.99234,-13.17282,-2.52389,-15.04119
-3.99234,-13.59127,-2.52406,-14.9583
-4.02433,-13.71891,-2.54312,-15.11881
-4.04353,-13.37595,-2.55836,-14.92262
-4.05505,-13.02474,-2.57056,-13.95659
-4.06196,-12.8154,-2.58031,-13.24538
-4.0661,-13.1325,-2.58812,-13.45483
-4.06859,-12.30388,-2.59436,-13.88265
-4.07008,-11.40998,-2.59936,-12.91841
-4.07098,-10.59794,-2.60335,-11.48958
-2.84258,-10.26735,-2.43982,-10.78356
-2.10553,-9.77988,-2.30899,-10.72865
-1.66331,-9.39507,-2.20432,-11.17842
-1.39798,-9.38998,-2.12059,-11.18493
-1.23877,-8.9351,-2.05361,-11.11415
-1.14325,-9.04961,-2.00002,-10.48457
-1.08594,-8.88317,-1.95715,-9.90542
-1.05156,-8.67671,-1.92285,-9.68608
-1.03092,-8.51669,-1.89542,-9.94758
-1.01854,-8.39215,-1.87347,-10.3492
-1.01112,-8.15958,-1.85591,-10.53151
-1.00666,-7.62801,-1.84186,-10.30083
-1.00398,-7.26476,-1.83062,-9.92322
-1.00238,-6.68888,-1.82163,-9.15833
-1.00142,-6.28433,-1.81444,-8.13462
-0.98681,-6.32637,-1.74135,-7.02039
-0.97805,-6.39677,-1.68287,-5.97066
-0.97279,-6.3913,-1.63609,-5.2315
-0.96964,-6.5943,-1.59867,-4.90567
-0.96774,-7.05092,-1.56873,-4.4995
-0.96661,-7.16249,-1.54478,-4.02111
-0.96593,-7.00868,-1.52562,-3.53589
-0.96552,-6.72169,-1.51029,-3.18012
-0.89248,-6.63354,-1.44076,-2.51021
-0.84865,-6.53173,-1.38514,-1.5317
-0.82236,-6.36788,-1.34065,-0.44613
-0.80658,-6.04076,-1.30505,0.4738
-0.79711,-5.77753,-1.27657,1.65734
-0.79144,-5.45849,-1.25379,1.95101
-1.70632,-5.00759,-1.2143,1.52463
-2.25526,-4.24854,-1.18271,1.81467
-2.58462,-4.36727,-1.15743,1.93818
-2.78223,-4.48435,-1.13721,2.87165
-2.9008,-4.10112,-1.12104,3.3946
-2.97195,-3.53513,-1.1081,3.53282
-3.01463,-3.37152,-1.09775,4.28681
-3.04024,-3.13246,-1.08946,4.49109
-1.85366,-3.02574,-0.95725,5.27943
-1.14171,-3.08658,-0.85148,6.14802
-0.71455,-3.03768,-0.76687,6.70974
-0.45824,-2.93113,-0.69917,7.07799
-0.30446,-2.86243,-0.64502,7.17759
-0.21219,-2.90823,-0.6017,6.84187
-0.15683,-2.77346,-0.56704,6.52278
-0.12362,-2.05304,-0.53931,6.23718
-0.10369,-1.36442,-0.51713,6.37802
0.13743,-1.07059,-0.40418,6.28039
0.2821,-0.98579,-0.31381,6.10013
0.36891,-0.95407,-0.24152,5.95595
0.42099,-0.54196,-0.18369,5.27685
0.45224,-0.02807,-0.13743,5.36155
0.47099,0.58354,-0.10041,5.17456
0.48224,1.12631,-0.0708,5.05953
0.48899,0.70061,-0.04712,4.93567
0.68165,0.76678,0.07358,4.74994
0.79724,0.86792,0.17015,4.4868
0.8666,1.21326,0.24739,4.12742
0.90821,1.69296,0.30919,3.79387
0.93318,2.32105,0.35863,3.61026
0.94816,2.98958,0.39818,3.40396
0.95715,3.5854,0.42982,3.38713
1.14621,3.266,0.55481,3.6017
1.25964,2.96364,0.6548,3.9025
1.3277,2.67459,0.73479,3.48138
1.36854,2.31255,0.79878,2.97203
1.39304,1.93532,0.84997,2.3238
1.40774,1.67291,0.89093,1.59213
1.41656,1.559,0.92369,0.79543
1.42186,1.74699,0.9499,0.0925
1.66719,1.83855,1.07469,0.19922
1.81438,1.84908,1.17452,-0.27412
1.9027,1.65874,1.25438,-0.60422
1.95569,1.65698,1.31828,-0.51682
1.98749,1.80321,1.36939,-0.3564
2.00656,2.33234,1.41028,-0.25649
2.01801,2.74803,1.44299,-0.40984
2.02488,3.05796,1.46916,-0.22268
2.029,2.58546,1.4901,-0.01271
2.25485,3.13003,1.61497,0.24041
2.39036,3.77729,1.71487,-0.11628
2.47167,4.16209,1.79479,-0.37668
2.52046,4.128,1.85872,0.14453
2.54973,4.12962,1.90987,0.68677
2.56729,4.59899,1.95079,1.28927
2.57782,4.77705,1.98352,1.93576
2.58415,4.65057,2.00971,2.52003
2.58794,4.3579,2.03066,2.12465
2.59022,4.05209,2.04742,2.59358
2.59158,4.80439,2.06083,2.97078
2.5924,5.3466,2.07156,2.7443
2.59289,5.60581,2.08014,2.35641
2.59319,5.23433,2.087,1.83279
2.59337,4.9545,2.09249,2.432
1.77796,4.87159,2.23086,2.97913
1.28871,5.2215,2.34155,2.62853
0.99517,5.49251,2.4301,2.22174
0.81904,5.5725,2.50094,1.80089
0.71336,5.73128,2.55761,1.34659
0.64996,5.79533,2.60295,1.14658
0.61191,5.99037,2.63922,1.14118
0.58908,6.17748,2.66824,1.17351
0.57539,6.43864,2.69145,1.05398
0.56717,5.95019,2.71002,0.98768
0.56224,5.37459,2.72488,0.81032
1.87243,4.63848,2.80109,0.68584
2.65855,3.92864,2.86206,0.42189
3.13022,3.19152,2.91083,-0.09352
3.41322,2.9026,2.94985,-0.49354
3.58302,2.61573,2.98106,-0.71065
3.6849,2.08749,3.00604,-0.58319
3.74603,1.64176,3.02601,-0.27319
3.78271,1.27764,3.042,0.27572
3.80472,1.00189,3.05478,0.7391
4.05743,0.81647,3.15245,1.18075
4.20906,0.77394,3.23059,1.45351
4.30004,0.90377,3.2931,1.07366
4.35463,0.89325,3.34311,0.53591
4.38738,0.89332,3.38312,0.04308
4.40703,0.85039,3.41513,-0.52983
4.41882,0.76049,3.44073,-1.02258
4.4259,0.67193,3.46121,-1.43192
4.43014,0.50071,3.4776,-0.96365
4.43269,1.14048,3.49071,-1.10689
4.43422,1.02924,3.5012,-1.07481
4.70884,1.0147,3.59675,-0.99827
4.87361,1.35833,3.67319,-1.20129
4.97247,1.83545,3.73434,-1.71978
5.03179,2.34438,3.78326,-2.3162
5.06738,2.84737,3.8224,-2.72723
5.08874,2.35691,3.85371,-2.52661
5.10155,2.11871,3.87875,-1.6338
5.10924,1.80047,3.89879,-1.32236
5.11385,2.42959,3.91482,-1.18086
5.11661,2.60435,3.92765,-1.29845
5.11828,3.41462,3.93791,-1.0961
5.11927,4.38949,3.94611,0.21511
6.32036,5.19135,3.95949,0.96417
7.04102,4.71693,3.97019,1.39185
7.47342,4.44537,3.97875,2.17973
7.73285,5.33064,3.98559,3.23072
7.88851,5.06751,3.99107,3.72425
7.98191,4.83089,3.99546,4.19091
8.03795,4.66213,3.99896,5.22624
8.07157,4.31238,4.00177,5.97579
8.09175,3.89319,4.00401,6.67403
8.78605,3.59715,4.10864,7.48271
9.20263,3.4243,4.19234,8.33479
9.45258,3.1726,4.25931,9.1948
9.60255,3.04099,4.31288,9.81785
9.69253,2.92627,4.35574,10.00432
9.74652,3.45516,4.39002,9.3359
9.77891,3.94318,4.41745,9.27888
9.79835,4.26133,4.43939,8.97374
9.81001,4.34871,4.45695,8.33608
9.01619,4.83894,4.65568,7.26894
8.5399,5.05513,4.81466,6.61078
8.25412,5.57497,4.94185,6.14704
8.08266,6.13636,5.0436,6.89198
7.97978,6.26479,5.125,6.11362
7.91805,6.57235,5.19012,4.99249
7.88101,6.57243,5.24222,4.90853
7.85879,6.50103,5.28389,4.4973
7.84546,6.66004,5.31724,3.64684
8.23993,6.83568,5.35868,4.18389
8.47661,6.9295,5.39183,4.39411
8.61861,7.09972,5.41836,4.76872
8.70382,7.65944,5.43958,5.20841
8.75494,7.85537,5.45655,5.17037
8.78562,7.96077,5.47013,5.07539
8.80402,8.07902,5.481,5.01935
8.81506,8.05729,5.48969,4.94745
8.82169,8.0595,5.49664,5.42791
8.82566,8.39634,5.5022,5.63162
9.04362,8.74644,5.5275,5.8324
9.1744,9.40198,5.54774,6.09158
9.25286,9.72851,5.56393,6.51964
9.29994,9.9892,5.57689,7.43976
9.32819,10.01883,5.58725,7.0324
9.34513,6.75077,5.59554,10.8201
9.3553,2.71255,5.60217,13.68209
9.36141,-1.39632,5.60748,16.94423
9.36507,-3.37377,5.61172,14.88437
9.36726,-3.69699,5.61512,14.78442
9.36858,-3.73957,5.61783,15.20472
9.60308,-4.11013,5.62106,15.62691
9.74379,-4.18898,5.62364,14.91485
9.82821,-4.19884,5.6257,14.45725
9.87886,-4.35282,5.62735,13.8594
9.90925,-4.31254,5.62867,13.06132
9.92749,-4.14965,5.62973,12.90812
9.93843,-3.80921,5.63057,12.38158
9.94499,-3.65501,5.63125,12.40599
9.94893,-3.32452,5.63179,12.38757
9.95129,-2.87655,5.63222,11.80744
9.95271,-2.65761,5.63257,11.93492
9.95356,1.14334,5.63285,14.89734
10.14804,1.53101,5.59023,14.83197
10.26473,1.79205,5.55614,13.95038
10.33474,1.92053,5.52887,13.88268
10.37674,2.31044,5.50705,13.06636
10.40195,2.5009,5.4896,13.23701
10.41707,3.02987,5.47564,13.0057
10.42614,3.44291,5.46447,12.21835
10.43159,3.78003,5.45553,12.60301
10.7821,4.49241,5.36664,11.64924
10.99241,5.09436,5.29553,11.10094
11.1186,5.30296,5.23864,10.48884
11.19431,5.91441,5.19312,9.70127
11.23973,6.50097,5.15671,9.11089
11.26699,6.91391,5.12759,9.386
11.28334,7.28025,5.10428,8.88789
11.29316,7.89701,5.08564,8.7568
11.37963,8.27777,5.00127,7.75444
11.43151,8.67063,4.93377,7.37165
11.46264,8.94148,4.87977,6.86424
11.48132,9.16353,4.83657,6.35678
11.49252,9.67498,4.80201,6.26618
11.49925,9.9643,4.77436,5.56796
11.50328,10.30098,4.75224,5.80595
11.5057,10.56214,4.73455,5.39431
11.38158,11.03086,4.66409,4.75553
11.3071,11.19476,4.60773,4.77719
11.26242,11.8948,4.56263,3.78115
11.2356,11.97026,4.52656,4.00002
11.21952,12.66893,4.4977,3.09608
11.20987,13.33134,4.47462,1.85613
11.20407,14.60711,4.45615,0.03067
11.2006,14.92141,4.44137,-0.27607
11.14406,15.0717,4.33963,-0.15978
11.11013,15.3101,4.25823,-0.36958
11.08977,15.66983,4.19312,-0.98088
11.07756,16.10263,4.14103,-1.32574
11.07023,16.63014,4.09935,-1.6061
11.06583,16.62216,4.06601,-1.73971
11.0632,16.94301,4.03934,-2.30939
11.06161,16.97097,4.01801,-2.2497
11.06066,17.4433,4.00094,-2.25817
11.06009,17.40018,3.98728,-2.26525
11.05975,17.56693,3.97636,-2.71161
11.05955,17.64756,3.96762,-2.52808
11.05942,17.35997,3.96062,-2.56493
11.05935,17.43057,3.95503,-2.76164
11.05931,17.33884,3.95056,-2.623
11.05928,17.06008,3.94698,-2.35389
11.05926,17.37607,3.94411,-2.57535
11.05925,17.18874,3.94182,-2.62185
11.05925,16.8776,3.93999,-2.29585
11.05924,17.24641,3.93852,-2.14624
11.05924,17.34933,3.93735,-2.40603
10.93641,17.16852,3.8424,-2.23758
10.86271,17.32828,3.76644,-1.7677
10.81849,17.62008,3.70568,-1.68551
10.79196,17.44036,3.65706,-1.50256
10.77604,17.50989,3.61817,-1.18535
10.76649,17.52777,3.58706,-0.50578
10.76076,17.3257,3.56217,0.54237
10.75732,17.30138,3.54226,0.1335
10.75526,16.98738,3.52633,0.32196
10.75402,16.71925,3.51358,0.73409
10.75328,16.8223,3.50339,1.45367
10.12819,17.01017,3.32721,1.39126
9.75313,16.98187,3.18627,1.53141
9.52809,16.44372,3.07351,1.88757
9.39307,15.97459,2.98331,2.09972
9.31206,15.43075,2.91115,1.68086
9.26345,15.06831,2.85342,1.67244
9.23429,15.01849,2.80723,2.06191
9.21679,14.88706,2.77028,2.83112
8.85749,15.12922,2.65357,3.00493
8.64192,15.09807,2.56021,3.29564
8.51257,14.73471,2.48551,2.90823
8.43496,14.601,2.42576,3.05854
8.3884,14.47711,2.37795,3.79561
8.36046,13.72322,2.33971,4.16486
8.34369,13.54629,2.30912,4.72182
8.33364,13.19802,2.28464,4.24458
8.3276,13.25327,2.26506,3.90257
8.32398,12.61941,2.2494,4.10739
8.32181,11.73732,2.23687,4.1316
8.3205,11.14816,2.22684,4.30285
8.31972,10.32862,2.21882,4.82621
7.82674,10.10208,2.11713,4.8239
7.53095,9.83852,2.03579,5.29609
7.35348,9.23565,1.97071,4.95011
7.247,8.53508,1.91865,4.36005
7.18311,8.6985,1.877,4.1734
7.14477,8.14441,1.84367,3.9672
7.12177,7.45495,1.81702,3.05587
7.10797,7.09361,1.79569,1.97408
6.28156,7.00631,1.57967,1.01819
5.78571,7.03324,1.40686,0.25884
5.4882,7.21614,1.26861,-0.25688
5.30969,7.43039,1.158,-1.06438
5.20259,7.64946,1.06952,-1.77905
5.13833,7.70942,0.99874,-2.65538
5.09977,7.33804,0.94211,-2.30103
5.07663,6.48323,0.89681,-2.1133
5.06275,6.63242,0.86056,-1.84356
5.05443,5.87218,0.83157,-1.39031
5.04943,6.00331,0.80837,-0.93226
5.04643,5.56042,0.78982,-0.33
5.04463,5.11523,0.77497,-0.57256
5.04355,4.74702,0.7631,-0.56947
5.04291,4.48762,0.7536,-0.68143
4.50218,4.48702,0.69434,-0.34843
4.17775,4.46901,0.64693,-0.13174
3.98309,4.33166,0.60901,0.278
3.8663,3.94356,0.57867,0.67249
3.79622,3.66744,0.55439,1.11687
3.75418,3.69529,0.53498,1.36677
3.72895,3.70955,0.51944,1.3758
3.71381,3.54754,0.50701,1.40641
3.21365,3.47297,0.4533,1.24399
2.91355,3.47302,0.41032,1.29171
2.73349,3.3616,0.37594,1.83697
2.62546,3.31889,0.34844,2.27706
2.56064,3.38742,0.32643,2.82641
2.52175,3.6173,0.30883,3.068
2.49841,3.80743,0.29475,3.25469
2.48441,4.15892,0.28348,3.18842
2.47601,4.58687,0.27447,3.05715
2.05241,5.06564,0.23596,3.04479
1.79825,5.51508,0.20515,3.14936
1.64575,5.77142,0.1805,2.97983
1.55425,5.11438,0.16079,2.81787
1.49935,4.8242,0.14501,3.35938
1.46641,4.71375,0.13239,3.71197
1.44665,4.69086,0.1223,4.24057
1.43479,4.74664,0.11422,4.73863
1.42768,4.73622,0.10776,4.90386
0.29242,4.77268,0.04571,5.18384
-0.38873,5.03483,-0.00392,5.56858
-0.79742,5.07694,-0.04363,6.04273
-1.04263,5.18626,-0.0754,6.45035
-1.18976,4.98731,-0.10082,6.93131
-1.27804,4.76115,-0.12115,7.30667
-1.33101,4.60386,-0.13741,6.99968
-1.36279,4.61625,-0.15043,6.45685
-1.38185,4.63216,-0.16084,5.86645
-1.39329,4.10088,-0.16916,6.13978
-1.40016,2.90474,-0.17583,5.32176
-1.40428,2.72426,-0.18116,4.86521
-1.40675,1.8238,-0.18542,3.97185
-2.00472,1.63932,-0.23065,3.20651
-2.3635,1.04332,-0.26683,3.17342
-2.57876,0.74888,-0.29578,2.88242
-2.70792,-0.18835,-0.31894,2.75121
-2.78542,-0.95746,-0.33746,2.77711
-2.83192,-1.56814,-0.35228,2.80711
-2.85982,-1.8713,-0.36414,2.91112
-2.87656,-2.12804,-0.37363,2.84294
-2.8866,-2.5885,-0.38121,2.00054
-2.89263,-3.45397,-0.38728,1.33955
-2.89624,-4.12441,-0.39214,0.83076
-3.68663,-5.0057,-0.4389,0.36892
-4.16086,-6.12282,-0.47631,0.06715
-4.44541,-6.01074,-0.50624,0.30336
-4.61613,-6.16981,-0.53018,0.46085
-4.71856,-6.51532,-0.54933,0.66863
-4.78002,-6.74507,-0.56466,0.69435
-4.8169,-6.89379,-0.57691,0.24758
-4.83903,-6.95063,-0.58672,-0.04444
-4.8523,-7.15887,-0.59456,-0.61915
-5.57923,-7.33512,-0.62286,-1.338
-6.01539,-7.77914,-0.64549,-1.76344
-6.27708,-8.13229,-0.6636,-2.74346
-6.4341,-8.10089,-0.67809,-3.41165
-6.52831,-7.86246,-0.68968,-3.60959
-6.58483,-7.72788,-0.69895,-3.70699
-6.61875,-7.60295,-0.70636,-3.49192
-6.6391,-7.48025,-0.7123,-3.07652
-6.65131,-7.27311,-0.71704,-2.47899
-7.27495,-7.19079,-0.72084,-1.81931
-7.64913,-7.24294,-0.72388,-1.26852
-7.87364,-7.59526,-0.72632,-0.91825
-8.00835,-8.00452,-0.72826,-0.74378
-8.08917,-8.3476,-0.72982,-0.70964
-8.13766,-8.69988,-0.73106,-0.84472
-8.16676,-9.09204,-0.73206,-1.25342
-8.18422,-9.32792,-0.73286,-2.05845
-8.19469,-9.50741,-0.73349,-1.76677
-8.20098,-9.58319,-0.734,-2.03473
-8.20475,-9.58922,-0.73441,-2.79407
-8.20701,-9.55675,-0.73474,-3.40197
-8.20837,-9.06152,-0.735,-3.73924
-8.20918,-9.21142,-0.73521,-3.20348
-8.20967,-8.76763,-0.73538,-2.41005
-8.20997,-9.16034,-0.73551,-2.11463
-8.21014,-9.37078,-0.73562,-1.851
-8.21025,-9.76863,-0.7357,-1.84733
-8.21031,-9.79604,-0.73577,-2.00116
-8.21035,-10.38234,-0.73582,-2.74771
-8.21037,-10.48558,-0.73587,-3.0702
-8.21039,-10.93317,-0.7359,-2.80883
-8.21039,-10.72462,-0.73593,-2.43023
-6.76259,-10.5163,-0.67172,-2.21395
-5.89391,-10.49639,-0.62035,-1.57238
-5.3727,-10.47487,-0.57925,-0.89834
-5.05998,-10.44746,-0.54637,-0.32363
-4.87234,-10.52419,-0.52007,0.21532
-4.75976,-10.64688,-0.49903,0.69715
-4.69221,-10.56824,-0.4822,0.85378
-4.65168,-10.86597,-0.46873,1.4895
-4.62736,-10.40435,-0.45796,1.47434
-4.61277,-10.19709,-0.44934,1.25974
-8.00293,-9.63334,-0.51245,0.94288
-10.03702,-9.17575,-0.56294,0.65195
-11.25747,-8.90064,-0.60332,0.5256
-11.98975,-9.49685,-0.63564,0.57406
-12,-10.03876,-0.66149,0.42059
-12,-9.38925,-0.68216,0.29363
-12,-9.61012,-0.69871,0.08152
-12,-9.92576,-0.71194,-0.06943
-12,-10.23658,-0.72253,-0.14907
-12,-10.54094,-0.731,-0.54252
-12,-10.61323,-0.73778,-0.92592
-12,-10.63173,-0.7432,-1.16074
-12,-10.4159,-0.74753,-1.47049
-12,-10.26546,-0.751,-1.8605
-12,-10.14209,-0.75378,-2.1873
-12,-10.14545,-0.756,-2.42284
-12,-10.45949,-0.75778,-2.59701
-12,-10.48247,-0.7592,-2.60478
-12,-10.22938,-0.76033,-2.65499
-12,-10.22834,-0.76124,-2.65061
-12,-10.46995,-0.76197,-2.2241
-12,-10.40662,-0.76255,-1.83086
-12,-10.47932,-0.76302,-1.31568
-12,-10.66097,-0.76339,-0.9312
-12,-10.61304,-0.76369,-1.60079
-12,-11.11177,-0.76393,-2.0552
-12,-11.49929,-0.74191,-1.96917
-12,-10.9189,-0.7243,-1.78743
-12,-10.31938,-0.7102,-1.64954
-12,-9.93826,-0.69893,-1.4118
-12,-9.78193,-0.68991,-1.19472
-12,-9.82482,-0.6827,-1.36647
-12,-9.99647,-0.67692,-1.54003
-12,-10.40625,-0.67231,-1.57134
-12,-10.77087,-0.66861,-1.63545
-12,-11.06956,-0.66566,-1.43848
-12,-11.20693,-0.66329,-1.23
-12,-10.88608,-0.6614,-1.22554
-12,-10.52854,-0.65989,-1.44168
-12,-10.1904,-0.58016,-1.71241
-12,-9.78379,-0.51638,-2.25322
-12,-10.33978,-0.46536,-3.06235
-12,-10.41995,-0.42454,-3.79324
-12,-10.18254,-0.39188,-4.4565
-12,-10.16965,-0.36576,-5.12307
-12,-9.82056,-0.34486,-4.88388
-12,-9.23203,-0.32814,-4.56989
-12,-8.46856,-0.20648,-5.23204
-12,-8.4253,-0.10915,-5.90537
-12,-8.22573,-0.03129,-6.51874
-12,-8.07248,0.031,-6.55644
-12,-7.95948,0.08084,-7.13247
-12,-7.97727,0.1207,-7.52295
-12,-8.08586,0.1526,-7.85269
-12,-8.0602,0.17811,-7.34868
-12,-7.94833,0.19852,-7.14659
-12,-8.0922,0.21485,-6.58176
-12,-7.92873,0.22791,-6.36641
-12,-7.80806,0.33718,-5.55722
-12,-7.49671,0.42459,-5.24803
-12,-7.56925,0.49451,-4.36507
-12,-7.49172,0.55046,-4.14606
-12,-7.39329,0.59521,-3.39527
-12,-7.19574,0.63101,-2.58793
-12,-7.26357,0.65966,-2.31781
-12,-7.53675,0.68257,-2.35796
-12,-7.48327,0.7009,-3.02569
-12,-7.49846,0.82103,-3.42553
-12,-7.11608,0.91714,-3.21497
-12,-6.99069,0.99402,-3.20359
-12,-6.96866,1.05553,-3.25423
-12,-7.13246,1.10474,-3.11879
-12,-7.23427,1.1441,-2.96104
-12,-7.08291,1.17559,-2.91246
-12,-7.15998,1.20079,-2.35761
-12,-7.24424,1.22094,-1.57888
-12,-7.32596,1.33292,-0.98298
-12,-7.62399,1.4225,-0.55406
-12,-8.17612,1.49416,-0.81313
-12,-8.74745,1.55149,-1.17528
-12,-8.83529,1.59736,-0.67863
-12,-8.62443,1.63405,-0.12944
-12,-8.93338,1.66341,0.7366
-12,-9.08497,1.68689,1.48153
-12,-8.98752,1.70568,1.99048
-12,-9.10533,1.7207,1.48651
-12,-9.25863,1.73273,1.47893
-12,-9.56277,1.74235,1.88073
-12,-9.84473,1.75004,2.33169
-12,-9.75324,1.7562,2.14789
-12,-9.5714,1.83705,1.86372
-12,-9.53094,1.90174,2.25312
-12,-9.70424,1.95349,2.68218
-12,-9.48149,1.99488,3.03875
-12,-9.48546,2.028,3.72181
-12,-9.09311,2.0545,4.66629
-12,-8.93599,2.07569,5.15242
-12,-8.63604,2.09265,4.66981
-12,-8.42819,2.10622,3.6477
-12,-8.00891,2.11707,2.88443
-12,-8.12978,2.25218,2.80655
-12,-8.41834,2.36027,2.74003
-12,-8.16734,2.44674,2.80484
-12,-7.94328,2.51592,2.66871
-12,-7.9593,2.57126,2.9153
-12,-7.64089,2.61553,2.81745
-12,-7.82901,2.65095,2.99313
-12,-8.05453,2.67928,3.18563
-12,-7.98074,2.70195,3.50104
-12,-7.65955,2.72009,2.96981
-12,-7.8407,2.73459,2.83249
-12,-8.32043,2.7462,2.77831
-12,-8.40993,2.97899,2.5289
-12,-8.20843,3.16523,2.5874
-12,-8.07559,3.31422,2.90404
-12,-8.15611,3.43341,3.22294
-12,-8.0642,3.52876,3.61829
-12,-8.36416,3.60504,3.4061
-12,-8.64056,3.66607,3.39471
-12,-8.5616,3.71489,3.47268
-12,-8.48032,3.75395,2.92553
-12,-8.31091,3.78519,2.47086
-12,-8.33033,3.81019,2.43632
-12,-8.45992,3.83018,2.88144
-12,-8.52718,3.8958,3.60018
-12,-8.72297,3.94829,4.23899
-12,-9.09276,3.99028,3.93915
-12,-8.87979,4.02387,3.26518
-12,-9.02841,4.05075,2.55699
-12,-8.80402,4.07225,1.73495
-12,-8.66548,4.08945,0.81689
-12,-8.6733,4.10321,0.57858
-12,-8.44137,4.19016,0.79661
-12,-8.5278,4.25972,0.83969
-12,-8.70722,4.31536,0.44706
-12,-8.76328,4.35988,-0.14103
-12,-8.85469,4.3955,-0.705
-12,-8.95015,4.42399,-0.44075
-12,-8.99279,4.44678,0.17426
-12,-9.48601,4.46501,0.3217
-12,-10.07072,4.4796,0.82208
-12,-10.56442,4.55034,0.20482
-12,-10.82185,4.60693,0.60282
-12,-10.96289,4.6522,0.27191
-12,-10.76706,4.68841,-0.3971
-12,-10.84239,4.71739,0.33979
-12,-10.63237,4.74056,-0.4892
-12,-10.76814,4.75911,-1.05492
-12,-11.01256,4.82416,-0.72699
-12,-11.02985,4.8762,-0.07232
-12,-10.95489,4.91783,0.2606
-12,-11.21837,4.95114,0.36559
-12,-11.26032,4.97778,0.77744
-12,-11.43954,4.9991,0.3606
-12,-11.44528,5.01615,0.29469
-12,-11.5192,5.02979,-0.41699
-12,-11.4435,5.06972,-0.96897
-12,-11.05066,5.10166,-1.21772
-12,-10.78739,5.12722,-1.68475
-12,-10.68813,5.14766,-1.04284
-12,-10.47933,5.16402,-0.47128
-12,-10.37017,5.1771,-0.19584
-12,-10.36441,5.18757,-0.60611
-12,-9.99827,5.19594,-0.49545
-12,-9.81543,5.21796,0.05283
-12,-9.62834,5.23558,-0.22864
-12,-9.48493,5.24968,-0.20066
-12,-9.30295,5.26095,0.44763
-12,-9.16549,5.26997,0.28617
-12,-9.11233,5.27719,0.56984
-12,-8.93065,5.28296,0.76201
-12,-8.46387,5.28758,1.06807
-12,-8.13664,5.29128,1.01807
-12,-7.68235,5.17006,1.27381
-12,-7.5615,5.07309,1.42262
-12,-7.27257,4.99552,1.52928
-12,-6.89012,4.93345,1.88511
-12,-6.19757,4.88381,1.71915
-12,-6.04217,4.84409,2.11645
-12,-5.62621,4.81231,2.65464
-12,-5.31971,4.78689,2.29724
-12,-4.96018,4.76656,1.82282
-12,-4.68562,4.75029,2.18481
-12,-4.2163,4.73727,2.06505
-12,-3.95144,4.72686,2.81428
-12,-3.72169,4.84416,3.28819
-12,-3.44194,4.93799,3.14681
-12,-3.12085,5.01306,2.98453
-12,-2.32848,5.07312,2.87676
-12,-1.76448,5.12116,3.45679
-12,-0.75582,5.1596,3.85399
-12,0.62884,5.19035,3.82825
-12,0.98112,5.21495,4.41825
-12,1.48542,5.23462,4.60253
-12,2.0929,5.25037,4.50152
-12,3.03941,5.26296,4.24488
-12,3.47659,5.27304,4.69212
-12,4.19105,5.2811,5.02109
-12,4.99743,5.1229,5.27046
-12,5.2502,4.99635,4.8327
-12,5.6991,4.8951,5.57987
-12,6.34459,4.81411,6.55658
-12,6.54591,4.74931,6.36961
-12,6.92962,4.69747,6.36473
-12,7.20713,4.656,6.03864
-12,7.23593,4.62283,6.06889
-12,7.10458,4.59628,6.13968
-12,7.14535,4.57505,6.27096
-12,7.1098,4.58272,6.28255
-12,6.80242,4.58886,5.98627
-12,6.87906,4.59377,6.15929
-12,6.81857,4.5977,6.09781
-12,6.50644,4.60084,5.85485
-12,6.23587,4.60335,5.60976
-12,5.98182,4.60536,5.79522
-12,5.63572,4.60697,5.62594
-12,5.05256,4.53463,5.71187
-12,4.43024,4.47675,5.45377
-12,3.98344,4.43045,5.18855
-12,3.76609,4.3934,5.29044
-12,3.58014,4.36377,5.16262
-12,3.26895,4.34006,4.8728
-12,2.87007,4.3211,4.29764
-12,2.39252,4.30593,4.47651
-12,2.07959,4.29379,4.56223
-12,1.438,4.17931,4.58946
-12,1.22488,4.08772,4.87957
-12,0.85718,4.01445,4.71314
-12,0.36829,3.95584,4.96692
-12,-0.42924,3.90895,4.97609
-12,-1.2297,3.87143,4.85225
-12,-1.91618,3.84142,4.80874
-12,-2.44143,3.69634,5.29294
-12,-3.02238,3.58028,5.63109
-12,-3.60566,3.48743,5.91939
-12,-4.23594,3.41315,6.36797
-12,-4.59586,3.35373,6.65045
-12,-5.02552,3.30619,6.9157
-12,-5.77446,3.26816,7.03344
-12,-6.36265,3.23773,6.81888
-12,-7.07896,3.21339,6.36453
-12,-7.84349,3.19392,6.97779
-12,-8.69796,3.17834,6.95999
-12,-9.27516,3.16588,7.81847
-12,-10.00444,3.15591,8.08548
-12,-10.76708,3.14794,9.22387
-12,-11.52619,3.14155,10.24039
-12,-12.09396,3.13645,10.92936
-12,-13.0931,3.13237,11.87195
-12,-14.09133,3.1291,12.6356
-12,-14.5922,3.12649,13.26315
-12,-15.7638,2.97327,13.92579
-12,-16.29001,2.8507,15.44018
-12,-17.67549,2.75264,16.70129
-12,-18.78654,2.67419,17.77437
-12,-19.92896,2.61143,18.88704
-12,-21.12249,2.56123,19.84193
-12,-22.10644,2.52106,20.66163
-12,-23.02978,2.48893,21.75347
-12,-24.25348,2.46323,22.87792
-12,-25.91105,2.44266,23.89792
-12,-27.27529,2.42621,25.0135
-12,-28.18436,2.41305,26.15302
-12,-29.22539,2.40252,27.3437
-12,-30.63412,2.3941,28.52757
-12,-31.97298,2.38736,29.68044
-12,-33.42719,2.38197,29.99478
-12,-34.62146,2.37766,30.60131
-12,-35.46835,2.37421,30.68502
-12,-35.2749,2.00581,31.21152
-12,-35.1644,1.71109,31.10589
-11.70054,-35.5171,1.47531,32.09317
-10.9944,-35.80323,1.28669,31.95014
-10.57071,-36.25036,1.1358,31.73426
-10.3165,-36.38565,1.01508,31.10835
-10.16397,-36.24997,0.91851,31.11931
-10.07246,-36.02955,0.84125,30.68202
-10.01755,-36.83418,0.77944,30.63755
-12,-38.93492,0.14977,32.24788
-12,-42.23637,-0.35397,34.71653
-12,-44.03246,-0.75696,37.54465
-12,-44.56743,-1.07935,38.36462
-12,-45.25927,-1.33727,37.78661
